{
    "p2kwiet1296439488837_btnBasicCam_onClick_seq0": {
        "id": "p2kwiet1296439488837_btnBasicCam_onClick_seq0",
        "type": "ACTION_SEQUENCE",
        "params": [{
            "name": "eventobject",
            "value": "eventobject"
        }],
        "language": "js",
        "actions": [{
            "id": "navigation_onClick_6182312964394885027",
            "type": "NAVIGATE_TO_FORM",
            "formId": "frmCamBasic",
            "formKUID": "p2kwiet1296439488828",
            "mappings": {},
            "mappingsOrder": [],
            "parentId": "",
            "enableMappingEditor": true
        }]
    }
}