{
    "p2kwiet1296439488837_btnOrientation_onClick_seq0": {
        "id": "p2kwiet1296439488837_btnOrientation_onClick_seq0",
        "type": "ACTION_SEQUENCE",
        "params": [{
            "name": "eventobject",
            "value": "eventobject"
        }],
        "language": "js",
        "actions": [{
            "id": "navigation_onClick_383851296439488734",
            "type": "NAVIGATE_TO_FORM",
            "formId": "frmCamOrientation",
            "formKUID": "p2kwiet1296439488846",
            "mappings": {},
            "mappingsOrder": [],
            "parentId": "",
            "enableMappingEditor": true
        }]
    }
}