{
    "DNDConfig": null,
    "_enabled_": false,
    "_margin_": [
        4,
        2,
        4,
        2
    ],
    "_padding_": [
        1,
        4,
        1,
        4
    ],
    "_skin_": "se75c5301a924391961990db11cd0a9a",
    "_text_": "Camera access modes",
    "android": {
        "@class": "com.kony.gen.viz.model.component.property.button.AndroidButtonProperty",
        "displayText": true,
        "render": true
    },
    "canUpdateUI": true,
    "containerweight": 100,
    "contentalignment": 5,
    "displaytext": true,
    "focusskin": "s42986a9637f454ebe025780f5fb98e1",
    "hexpand": true,
    "id": "btnAccMode",
    "ide_onClick": "p2kwiet1296439488837_btnAccMode_onClick_seq0",
    "info": null,
    "iphone": {
        "@class": "com.kony.gen.viz.model.component.property.button.IPhoneButtonProperty",
        "_padding_": [
            3,
            12,
            3,
            12
        ],
        "displayText": true,
        "padding": [
            3,
            12,
            3,
            12
        ],
        "paddingInPixel": true,
        "psp": {
            "glowEffect": false
        },
        "render": true
    },
    "isvisible": true,
    "kuid": "p2kwiet1296439488833",
    "margininpixel": false,
    "name": "kony.ui.Button",
    "onclick": "AS_Button_bd6c0a2b00874a038524c31ad0e18372",
    "paddinginpixel": false,
    "parent": "frmCamOptions",
    "pf": "frmCamOptions",
    "spa": {
        "@class": "com.kony.gen.viz.model.component.property.button.SPAButtonProperty",
        "displayText": true
    },
    "spaan": {
        "@class": "com.kony.gen.viz.model.component.property.button.SPAAndroidButtonProperty",
        "_padding_": [
            0,
            8,
            0,
            8
        ],
        "padding": [
            0,
            8,
            0,
            8
        ],
        "paddingInPixel": false,
        "render": false
    },
    "spabb": {
        "@class": "com.kony.gen.viz.model.component.property.button.SPABBButtonProperty",
        "_padding_": [
            0,
            8,
            0,
            8
        ],
        "padding": [
            0,
            8,
            0,
            8
        ],
        "paddingInPixel": false,
        "render": false
    },
    "spaip": {
        "@class": "com.kony.gen.viz.model.component.property.button.SPAIPhoneButtonProperty",
        "_padding_": [
            0,
            8,
            0,
            8
        ],
        "padding": [
            0,
            8,
            0,
            8
        ],
        "paddingInPixel": false,
        "render": false
    },
    "spawinphone8": {
        "@class": "com.kony.gen.viz.model.component.property.button.SPAWinPhone8ButtonProperty",
        "render": true
    },
    "vexpand": false,
    "wType": "Button",
    "widgetalignment": 5,
    "winphone8": {
        "@class": "com.kony.gen.viz.model.component.property.button.WinPhone8ButtonProperty",
        "_padding_": [
            1,
            10,
            1,
            10
        ],
        "displayText": true,
        "padding": [
            1,
            10,
            1,
            10
        ],
        "paddingInPixel": true,
        "psp": {
            "enableCache": false
        },
        "render": true
    }
}