{
    "DNDConfig": null,
    "_enabled_": false,
    "_margin_": [
        5,
        5,
        5,
        5
    ],
    "_padding_": [
        0,
        0,
        0,
        0
    ],
    "_skin_": "se75c5301a924391961990db11cd0a9a",
    "_text_": "Continue",
    "android": {
        "@class": "com.kony.gen.viz.model.component.property.button.AndroidButtonProperty",
        "_padding_": [
            1,
            4,
            1,
            4
        ],
        "displayText": true,
        "padding": [
            1,
            4,
            1,
            4
        ],
        "paddingInPixel": false,
        "render": true
    },
    "canUpdateUI": true,
    "containerweight": 100,
    "contentalignment": 5,
    "displaytext": true,
    "focusskin": "s42986a9637f454ebe025780f5fb98e1",
    "hexpand": true,
    "id": "btnContinue",
    "ide_onClick": "p2kwiet1296439488938_btnContinue_onClick_seq0",
    "info": null,
    "ipad": {
        "@class": "com.kony.gen.viz.model.component.property.button.IPadButtonProperty",
        "_padding_": [
            4,
            18,
            4,
            18
        ],
        "displayText": true,
        "padding": [
            4,
            18,
            4,
            18
        ],
        "paddingInPixel": true,
        "psp": {
            "glowEffect": false
        },
        "render": true
    },
    "isvisible": true,
    "kuid": "p2kwiet1296439488924",
    "margininpixel": false,
    "name": "kony.ui.Button",
    "paddinginpixel": false,
    "parent": "frmIntro",
    "pf": "frmIntro",
    "spa": {
        "@class": "com.kony.gen.viz.model.component.property.button.SPAButtonProperty",
        "displayText": true
    },
    "spaandroidtablet": {
        "@class": "com.kony.gen.viz.model.component.property.button.SPAAndroidTabletButtonProperty",
        "render": true
    },
    "spaipad": {
        "@class": "com.kony.gen.viz.model.component.property.button.SPAIPadButtonProperty",
        "render": true
    },
    "spawindowstablet": {
        "@class": "com.kony.gen.viz.model.component.property.button.SPAWindowsTabletButtonProperty",
        "render": true
    },
    "vexpand": false,
    "wType": "Button",
    "widgetalignment": 5,
    "windows8": {
        "@class": "com.kony.gen.viz.model.component.property.button.Windows8ButtonProperty",
        "_margin_": [
            10,
            1,
            10,
            1
        ],
        "_padding_": [
            5,
            5,
            5,
            5
        ],
        "displayText": true,
        "margin": [
            10,
            1,
            10,
            1
        ],
        "marginInPixel": false,
        "padding": [
            5,
            5,
            5,
            5
        ],
        "paddingInPixel": true,
        "render": true
    }
}