{
    "DNDConfig": null,
    "_enabled_": false,
    "_margin_": [
        2,
        1,
        4,
        1
    ],
    "_orientation_": 1,
    "_padding_": [
        0,
        0,
        0,
        0
    ],
    "_percent_": true,
    "_position_": 3,
    "_resize_": true,
    "_skin_": "sd7693ab22684a87af4ae6432aa16462",
    "allboxes": [],
    "android": {
        "@class": "com.kony.gen.viz.model.container.property.hbox.AndroidHBoxProperty",
        "_position_": 3,
        "position": 3,
        "render": true
    },
    "borderCollapse": false,
    "canUpdateUI": true,
    "children": [
        "image2104346083382",
        "label1040720061146"
    ],
    "containerweight": 100,
    "id": "hbox1040720061142",
    "info": null,
    "ipad": {
        "@class": "com.kony.gen.viz.model.container.property.hbox.IPadHBoxProperty",
        "_position_": 3,
        "position": 3,
        "render": true
    },
    "isvisible": true,
    "kuid": "p2kwiet1296439488934",
    "layoutalignment": 3,
    "margininpixel": false,
    "name": "kony.ui.Box",
    "paddinginpixel": false,
    "parent": "frmIntro",
    "pf": "frmIntro",
    "spa": {
        "@class": "com.kony.gen.viz.model.container.property.hbox.SPAHBoxProperty"
    },
    "spaandroidtablet": {
        "@class": "com.kony.gen.viz.model.container.property.hbox.SPAAndroidTabletHBoxProperty",
        "render": true
    },
    "spaipad": {
        "@class": "com.kony.gen.viz.model.container.property.hbox.SPAIPadHBoxProperty",
        "render": true
    },
    "spawindowstablet": {
        "@class": "com.kony.gen.viz.model.container.property.hbox.SPAWindowsTabletHBoxProperty",
        "render": true
    },
    "templateType": "forms",
    "wType": "HBox",
    "widgetalignment": 1,
    "windows8": {
        "@class": "com.kony.gen.viz.model.container.property.hbox.Windows8HBoxProperty",
        "_margin_": [
            1,
            1,
            1,
            1
        ],
        "_position_": 3,
        "margin": [
            1,
            1,
            1,
            1
        ],
        "marginInPixel": true,
        "position": 3,
        "render": true
    }
}