{
    "p2kwiet1296439488886_cameraPublicMode_onCapture_seq0": {
        "id": "p2kwiet1296439488886_cameraPublicMode_onCapture_seq0",
        "type": "ACTION_SEQUENCE",
        "params": [{
            "name": "eventobject",
            "value": "eventobject"
        }],
        "language": "js",
        "actions": [{
            "id": "customcode_onCapture_9270112964394885724",
            "type": "INVOKE_FUNCTION",
            "sequenceKUID": "onCapturePublicMode",
            "display": "onCapturePublicMode",
            "inputparams": [{
                "name": "cameraObject",
                "value": "eventobject"
            }]
        }]
    }
}