{
    "p2kwiet1296439488938_btnContinue_onClick_seq0": {
        "id": "p2kwiet1296439488938_btnContinue_onClick_seq0",
        "type": "ACTION_SEQUENCE",
        "params": [{
            "name": "eventobject",
            "value": "eventobject"
        }],
        "language": "js",
        "actions": [{
            "id": "navigation_onClick_8848712964394881272",
            "type": "NAVIGATE_TO_FORM",
            "formId": "frmCamOptions",
            "formKUID": "p2kwiet1296439488901",
            "mappings": {},
            "mappingsOrder": [],
            "parentId": "",
            "enableMappingEditor": true
        }]
    }
}