{
    "p2kwiet1296439488886_cameraPrivateMode_onCapture_seq0": {
        "id": "p2kwiet1296439488886_cameraPrivateMode_onCapture_seq0",
        "type": "ACTION_SEQUENCE",
        "params": [{
            "name": "eventobject",
            "value": "eventobject"
        }],
        "language": "js",
        "actions": [{
            "id": "customcode_onCapture_3624512964394881423",
            "type": "INVOKE_FUNCTION",
            "sequenceKUID": "onCapturePrivateMode",
            "display": "onCapturePrivateMode",
            "inputparams": [{
                "name": "cameraObject",
                "value": "eventobject"
            }]
        }]
    }
}