{
    "p2kwiet1296439488901_btnOverlay_onClick_seq0": {
        "id": "p2kwiet1296439488901_btnOverlay_onClick_seq0",
        "type": "ACTION_SEQUENCE",
        "params": [{
            "name": "eventobject",
            "value": "eventobject"
        }],
        "language": "js",
        "actions": [{
            "id": "navigation_onClick_675391296439488900",
            "type": "NAVIGATE_TO_FORM",
            "formId": "frmCamOverlay",
            "formKUID": "p2kwiet1296439488921",
            "mappings": {},
            "mappingsOrder": [],
            "parentId": "",
            "enableMappingEditor": true
        }]
    }
}