{
    "p2kwiet1296439488901_btnAccMode_onClick_seq0": {
        "id": "p2kwiet1296439488901_btnAccMode_onClick_seq0",
        "type": "ACTION_SEQUENCE",
        "params": [{
            "name": "eventobject",
            "value": "eventobject"
        }],
        "language": "js",
        "actions": [{
            "id": "navigation_onClick_9355112964394886222",
            "type": "NAVIGATE_TO_FORM",
            "formId": "frmCamAccessMode",
            "formKUID": "p2kwiet1296439488886",
            "mappings": {},
            "mappingsOrder": [],
            "parentId": "",
            "enableMappingEditor": true
        }]
    }
}