{
    "wap_android360_fontsize": "13",
    "isA11yConfigEnabled": false,
    "spaipadbasefontsize": "17",
    "watchos_notificationcentericon_42": "",
    "wap_android440_fontsize": "15",
    "wap_spaandroidtabxhdpi_fontsize": "18",
    "apppackagekey": "com.kony.Camera",
    "winmangotiletitlekey": "SampleCameraApp",
    "wap_android400_fontsize": "14",
    "nativeContainerProperties": {
        "isModified": false,
        "isEnableJSContainer": false,
        "isEnableJSContainerAndroid": false,
        "isEnableJSContaineriOS": false
    },
    "wap_spaandroidtabhdpi_fontsize": "16",
    "iphonebundleidentifierkey": "com.kony.Camera",
    "cordovaVersionInfo": {
        "useGlobalCordova": false
    },
    "desktopwebaligenmentoption": "left",
    "appversionkey": "1.0.0",
    "watchos_longlooknotificationicon_38": "",
    "desktopwebwidthoption": "Percentage",
    "applogokey": "icon.png",
    "spaandroidtabbasefontsize": "17",
    "startupformkey": "frmIntro",
    "wap_bb480_fontsize": "12",
    "wap_winphone480_fontsize": "12",
    "wap_android640_fontsize": "19",
    "vendornamekey": "KonyLabs",
    "wap_android320_fontsize": "12",
    "wap_android_fontsize": "10",
    "createdgaversion": "7.3.0.QA_v201703132313_r8",
    "watchos_notificationcentericon_38": "",
    "enableactionbar": false,
    "watchos_shortlooknotificationicon_42": "",
    "wap_android480_fontsize": "16",
    "mastersProperties": {
        "masterVersion": "2.0.0"
    },
    "wap_winphone320_fontsize": "12",
    "watchos_longlooknotificationicon_42": "",
    "appmenu": {
        "tablet": {
            "data": []
        },
        "desktop": {
            "data": [
                {
                    "kuid": "2c6c480be17d45f0b3b31063f58f9d67",
                    "icon": {
                        "default": "option1.png"
                    },
                    "id": "appmenuitemid1",
                    "title": "Item 1"
                },
                {
                    "kuid": "35c1083dd5644b7dba21a468a8c147a8",
                    "icon": {
                        "default": "option2.png"
                    },
                    "id": "appmenuitemid2",
                    "title": "Item 2"
                },
                {
                    "kuid": "dc919afa04394039962c1ac2552dcb45",
                    "icon": {
                        "default": "option3.png"
                    },
                    "id": "appmenuitemid3",
                    "title": "Item 3"
                },
                {
                    "kuid": "1391cf8ca4644d4594fecbdd88eaffb5",
                    "icon": {
                        "default": "option4.png"
                    },
                    "id": "appmenuitemid4",
                    "title": "Item 4"
                }
            ]
        },
        "wType": "Appmenu",
        "mobile": {
            "data": []
        }
    },
    "wap_spaipad_fontsize": "17",
    "mwportkey": "80",
    "supportedorientations": [
        "portrait",
        "landscape"
    ],
    "wap_bb440_fontsize": "12",
    "desktopwebwidthval": "100",
    "wap_bb400_fontsize": "12",
    "appidkey": "camera",
    "statusBarHidden": "false",
    "wap_bb360_fontsize": "12",
    "isNewAppWithRespectToAndroidPackageName": "true",
    "wap_spawindowstab_fontsize": "12",
    "defaulttheme": "KonyTheme",
    "iphonebundleversionkey": "1.0",
    "watchos_shortlooknotificationicon_38": "",
    "iphoneipadglossyeffectkey": "false",
    "tabletstartupformkey": "frmIntro",
    "pasteboardType": "2",
    "appnamekey": "Camera",
    "currentgaversion": "7.3.0",
    "wap_bb320_fontsize": "12",
    "enableCordova": false,
    "wap_bb240_fontsize": "12",
    "enableIdForAutomation": false,
    "desktopwebbasefontsize": "16",
    "wap_android240_fontsize": "10",
    "@class": "com.kony.gen.appprops.KVizAppProps",
    "wap_spaandroidtabldpi_fontsize": "17",
    "wap_spaandroidtabmdpi_fontsize": "14",
    "konyVizVersion": "7.3.0",
    "wap_spaandroidtab_fontsize": "17",
    "isDpScaleFactor": true,
    "referenceWidth": "320",
    "winmobileguidkey": "cec95c7d-d678-44a7-81c7-fd43c07b5427",
    "ide_appEvents": {},
    "build": "release",
    "project_version": "sprint27",
    "ipadlandscapemodekey": "both",
    "wap_ip_fontsize": "12",
    "category": "app",
    "createdVizVersion": "7.3.0",
    "export.type": "visualizer"
}