<?xml version="1.0" encoding="UTF-8" standalone="yes"?>
<application name="SampleCameraApp" id="SampleCameraApp">
    <container type="dialog" id="frmHeader" displayname="Popup"/>
    <container type="dialog" id="frmFooter" displayname="Popup"/>
    <container type="form" id="frmCamAccessMode" displayname="Form"/>
    <container type="form" id="frmCamBasic" displayname="Form"/>
    <container type="form" id="frmCamOptions" displayname="Form"/>
    <container type="form" id="frmCamOrientation" displayname="Form"/>
    <container type="form" id="frmCamOverlaid" displayname="Form"/>
    <container type="form" id="frmCamOverlay" displayname="Form"/>
    <container type="form" id="frmIntro" displayname="Form"/>
    <container type="dialog" id="frmHeader" displayname="Popup"/>
    <container type="dialog" id="frmFooter" displayname="Popup"/>
    <container type="form" id="frmCamAccessMode" displayname="Form"/>
    <container type="form" id="frmCamBasic" displayname="Form"/>
    <container type="form" id="frmCamOptions" displayname="Form"/>
    <container type="form" id="frmCamOrientation" displayname="Form"/>
    <container type="form" id="frmCamOverlaid" displayname="Form"/>
    <container type="form" id="frmCamOverlay" displayname="Form"/>
    <container type="form" id="frmIntro" displayname="Form"/>
    <globalsequences/>
    <skins/>
</application>
