{
    "DNDConfig": null,
    "_enabled_": false,
    "_margin_": [
        4,
        10,
        4,
        2
    ],
    "_padding_": [
        1,
        4,
        1,
        4
    ],
    "_skin_": "sc70c4f15479464ba81bb5d3871a0944",
    "_text_": "Public Mode",
    "accessmode": "public",
    "android": {
        "@class": "com.kony.gen.viz.model.component.property.camera.AndroidCameraProperty",
        "accessMode": "public",
        "compressionLevel": 0,
        "enableOverlay": false,
        "overlayConfig": {
            "overlayForm": "frmCamOverlaid",
            "tapAnywhere": false
        },
        "render": true
    },
    "canUpdateUI": true,
    "compressionlevel": 0,
    "containerweight": 100,
    "contentalignment": 5,
    "enableoverlay": false,
    "focusskin": "s1bb49254d674099ab91d63d66fd41c6",
    "hexpand": true,
    "id": "cameraPublicMode",
    "ide_onCapture": "p2kwiet1296439488886_cameraPublicMode_onCapture_seq0",
    "info": null,
    "ipad": {
        "@class": "com.kony.gen.viz.model.component.property.camera.IPadCameraProperty",
        "_padding_": [
            5,
            21,
            5,
            21
        ],
        "accessMode": "public",
        "compressionLevel": 0,
        "enableOverlay": false,
        "overlayConfig": {
            "overlayForm": "frmCamOverlaid",
            "referenceImageToCrop": "image21927419382155502"
        },
        "padding": [
            5,
            21,
            5,
            21
        ],
        "paddingInPixel": true,
        "psp": {
            "captureOrientation": 0,
            "imageFormat": 0,
            "nativeUserInterface": true
        },
        "render": true
    },
    "isvisible": true,
    "kuid": "p2kwiet1296439488878",
    "margininpixel": false,
    "name": "kony.ui.Camera",
    "paddinginpixel": false,
    "parent": "frmCamAccessMode",
    "pf": "frmCamAccessMode",
    "scalefactor": 80,
    "spa": {
        "@class": "com.kony.gen.viz.model.component.property.camera.SPACameraProperty"
    },
    "spaandroidtablet": {
        "@class": "com.kony.gen.viz.model.component.property.camera.SPAAndroidTabletCameraProperty",
        "render": false
    },
    "spaipad": {
        "@class": "com.kony.gen.viz.model.component.property.camera.SPAIPadCameraProperty",
        "render": false
    },
    "spawindowstablet": {
        "@class": "com.kony.gen.viz.model.component.property.camera.SPAWindowsTabletCameraProperty",
        "render": false
    },
    "vexpand": false,
    "wType": "Camera",
    "widgetalignment": 5,
    "windows8": {
        "@class": "com.kony.gen.viz.model.component.property.camera.Windows8CameraProperty",
        "_margin_": [
            10,
            1,
            10,
            0
        ],
        "_padding_": [
            3,
            12,
            3,
            12
        ],
        "accessMode": "public",
        "enableOverlay": false,
        "margin": [
            10,
            1,
            10,
            0
        ],
        "marginInPixel": false,
        "overlayConfig": {
            "tapAnywhere": false
        },
        "padding": [
            3,
            12,
            3,
            12
        ],
        "paddingInPixel": true,
        "psp": {
            "enablePhotoCropFeature": false
        },
        "render": true
    }
}