{
    "DNDConfig": null,
    "_base64_": null,
    "_enabled_": false,
    "_margin_": [
        0,
        0,
        0,
        0
    ],
    "_padding_": [
        0,
        0,
        0,
        0
    ],
    "_skin_": "sb766b70dbc247629d4c3ed80a136dc4",
    "_text_": "",
    "android": {
        "@class": "com.kony.gen.viz.model.component.property.image2.AndroidImage2Property",
        "_margin_": [
            2,
            0,
            2,
            0
        ],
        "margin": [
            2,
            0,
            2,
            0
        ],
        "marginInPixel": false,
        "render": true
    },
    "canUpdateUI": true,
    "containerweight": 34,
    "contentalignment": 5,
    "hexpand": false,
    "id": "img2AccessMode",
    "imagescalemode": 0,
    "info": null,
    "ipad": {
        "@class": "com.kony.gen.viz.model.component.property.image2.IPadImage2Property",
        "_margin_": [
            2,
            0,
            2,
            0
        ],
        "margin": [
            2,
            0,
            2,
            0
        ],
        "marginInPixel": false,
        "psp": {
            "glossyEffect": 0
        },
        "render": true
    },
    "isvisible": true,
    "kuid": "p2kwiet1296439488880",
    "margininpixel": false,
    "name": "kony.ui.Image2",
    "paddinginpixel": false,
    "parent": "hbox19275087551",
    "pf": "frmCamAccessMode",
    "referenceheight": 140,
    "referencewidth": 200,
    "spa": {
        "@class": "com.kony.gen.viz.model.component.property.image2.SPAImage2Property"
    },
    "spaandroidtablet": {
        "@class": "com.kony.gen.viz.model.component.property.image2.SPAAndroidTabletImage2Property",
        "render": true
    },
    "spaipad": {
        "@class": "com.kony.gen.viz.model.component.property.image2.SPAIPadImage2Property",
        "render": true
    },
    "spawindowstablet": {
        "@class": "com.kony.gen.viz.model.component.property.image2.SPAWindowsTabletImage2Property",
        "render": true
    },
    "srcType": 1,
    "vexpand": false,
    "wType": "Image",
    "widgetalignment": 5,
    "windows8": {
        "@class": "com.kony.gen.viz.model.component.property.image2.Windows8Image2Property",
        "render": true
    }
}