{
    "DNDConfig": null,
    "_enabled_": false,
    "_margin_": [
        4,
        2,
        4,
        2
    ],
    "_padding_": [
        0,
        0,
        0,
        0
    ],
    "_skin_": "s8d8da51d2e34f53aea287220ce5c5ba",
    "_text_": "",
    "_wrapping_": 2,
    "android": {
        "@class": "com.kony.gen.viz.model.component.property.label.AndroidLabelProperty",
        "_padding_": [
            12,
            30,
            12,
            30
        ],
        "padding": [
            12,
            30,
            12,
            30
        ],
        "paddingInPixel": true,
        "psp": {
            "textCopyable": false
        },
        "render": true
    },
    "canUpdateUI": true,
    "containerweight": 100,
    "contentalignment": 4,
    "hexpand": true,
    "id": "lblFrmAccessMode",
    "info": null,
    "ipad": {
        "@class": "com.kony.gen.viz.model.component.property.label.IPadLabelProperty",
        "_padding_": [
            10,
            18,
            10,
            18
        ],
        "padding": [
            10,
            18,
            10,
            18
        ],
        "paddingInPixel": true,
        "psp": {
            "textCopyable": false,
            "wrapping": 2
        },
        "render": true
    },
    "isvisible": true,
    "kuid": "p2kwiet1296439488883",
    "margininpixel": false,
    "name": "kony.ui.Label",
    "paddinginpixel": false,
    "parent": "frmCamAccessMode",
    "pf": "frmCamAccessMode",
    "spa": {
        "@class": "com.kony.gen.viz.model.component.property.label.SPALabelProperty",
        "psp": {
            "textCopyable": false
        }
    },
    "spaandroidtablet": {
        "@class": "com.kony.gen.viz.model.component.property.label.SPAAndroidTabletLabelProperty",
        "render": true
    },
    "spaipad": {
        "@class": "com.kony.gen.viz.model.component.property.label.SPAIPadLabelProperty",
        "render": true
    },
    "spawindowstablet": {
        "@class": "com.kony.gen.viz.model.component.property.label.SPAWindowsTabletLabelProperty",
        "render": true
    },
    "tooltip": "",
    "vexpand": false,
    "wType": "Label",
    "widgetalignment": 5,
    "windows8": {
        "@class": "com.kony.gen.viz.model.component.property.label.Windows8LabelProperty",
        "_margin_": [
            120,
            1,
            120,
            1
        ],
        "_padding_": [
            5,
            5,
            5,
            5
        ],
        "margin": [
            120,
            1,
            120,
            1
        ],
        "marginInPixel": true,
        "padding": [
            5,
            5,
            5,
            5
        ],
        "paddingInPixel": true,
        "render": true
    }
}