{
    "DNDConfig": null,
    "_enabled_": false,
    "_margin_": [
        4,
        5,
        4,
        2
    ],
    "_padding_": [
        1,
        4,
        1,
        4
    ],
    "_skin_": "sc70c4f15479464ba81bb5d3871a0944",
    "_text_": "PORTRAIT",
    "accessmode": "public",
    "android": {
        "@class": "com.kony.gen.viz.model.component.property.camera.AndroidCameraProperty",
        "accessMode": "public",
        "compressionLevel": 0,
        "enableOverlay": false,
        "overlayConfig": {
            "overlayForm": "frmCamOverlaid",
            "tapAnywhere": false
        },
        "render": true
    },
    "canUpdateUI": true,
    "compressionlevel": 0,
    "containerweight": 100,
    "contentalignment": 5,
    "enableoverlay": false,
    "focusskin": "s1bb49254d674099ab91d63d66fd41c6",
    "hexpand": true,
    "id": "camPortrait",
    "ide_onCapture": "p2kwiet1296439488846_camPortrait_onCapture_seq0",
    "info": null,
    "iphone": {
        "@class": "com.kony.gen.viz.model.component.property.camera.IPhoneCameraProperty",
        "_padding_": [
            3,
            12,
            3,
            12
        ],
        "accessMode": "public",
        "compressionLevel": 0,
        "enableOverlay": false,
        "overlayConfig": {
            "overlayForm": "frmCamOverlaid",
            "referenceImageToCrop": "image21927419382155502"
        },
        "padding": [
            3,
            12,
            3,
            12
        ],
        "paddingInPixel": true,
        "psp": {
            "captureOrientation": 2,
            "imageFormat": 0,
            "nativeUserInterface": true
        },
        "render": true
    },
    "isvisible": true,
    "kuid": "p2kwiet1296439488840",
    "margininpixel": false,
    "name": "kony.ui.Camera",
    "oncapture": "AS_Camera_f3f805db8158404db6b46a8c5c806409",
    "paddinginpixel": false,
    "parent": "frmCamOrientation",
    "pf": "frmCamOrientation",
    "scalefactor": 80,
    "spa": {
        "@class": "com.kony.gen.viz.model.component.property.camera.SPACameraProperty"
    },
    "spaan": {
        "@class": "com.kony.gen.viz.model.component.property.camera.SPAAndroidCameraProperty",
        "_padding_": [
            0,
            0,
            0,
            0
        ],
        "padding": [
            0,
            0,
            0,
            0
        ],
        "paddingInPixel": false,
        "render": false
    },
    "spabb": {
        "@class": "com.kony.gen.viz.model.component.property.camera.SPABBCameraProperty",
        "_padding_": [
            0,
            0,
            0,
            0
        ],
        "padding": [
            0,
            0,
            0,
            0
        ],
        "paddingInPixel": false,
        "render": false
    },
    "spaip": {
        "@class": "com.kony.gen.viz.model.component.property.camera.SPAIPhoneCameraProperty",
        "_padding_": [
            0,
            0,
            0,
            0
        ],
        "padding": [
            0,
            0,
            0,
            0
        ],
        "paddingInPixel": false,
        "render": false
    },
    "spawinphone8": {
        "@class": "com.kony.gen.viz.model.component.property.camera.SPAWinPhone8CameraProperty",
        "render": false
    },
    "vexpand": false,
    "wType": "Camera",
    "widgetalignment": 5,
    "winphone8": {
        "@class": "com.kony.gen.viz.model.component.property.camera.WinPhone8CameraProperty",
        "_padding_": [
            1,
            1,
            1,
            1
        ],
        "accessMode": "public",
        "enableOverlay": false,
        "overlayConfig": {
            "tapAnywhere": false
        },
        "padding": [
            1,
            1,
            1,
            1
        ],
        "paddingInPixel": true,
        "psp": {
            "enableCache": false,
            "enablePhotoCropFeature": false
        },
        "render": true
    }
}