{
    "DNDConfig": null,
    "_enabled_": false,
    "_margin_": [
        4,
        2,
        4,
        2
    ],
    "_orientation_": 1,
    "_padding_": [
        0,
        0,
        0,
        0
    ],
    "_percent_": true,
    "_position_": 3,
    "_resize_": true,
    "_skin_": "sd7693ab22684a87af4ae6432aa16462",
    "allboxes": [],
    "android": {
        "@class": "com.kony.gen.viz.model.container.property.hbox.AndroidHBoxProperty",
        "_position_": 3,
        "position": 3,
        "render": true
    },
    "borderCollapse": false,
    "canUpdateUI": true,
    "children": [
        "imgPortrait",
        "imgLandscape"
    ],
    "containerweight": 100,
    "id": "hbox121141612661998",
    "info": null,
    "iphone": {
        "@class": "com.kony.gen.viz.model.container.property.hbox.IPhoneHBoxProperty",
        "_padding_": [
            0,
            0,
            0,
            0
        ],
        "_position_": 3,
        "padding": [
            0,
            0,
            0,
            0
        ],
        "paddingInPixel": true,
        "position": 3,
        "render": true
    },
    "isvisible": true,
    "kuid": "p2kwiet1296439488844",
    "layoutalignment": 3,
    "margininpixel": false,
    "name": "kony.ui.Box",
    "paddinginpixel": false,
    "parent": "frmCamOrientation",
    "pf": "frmCamOrientation",
    "spa": {
        "@class": "com.kony.gen.viz.model.container.property.hbox.SPAHBoxProperty"
    },
    "spaan": {
        "@class": "com.kony.gen.viz.model.container.property.hbox.SPAAndroidHBoxProperty",
        "_padding_": [
            0,
            0,
            0,
            0
        ],
        "padding": [
            0,
            0,
            0,
            0
        ],
        "paddingInPixel": false,
        "render": true
    },
    "spabb": {
        "@class": "com.kony.gen.viz.model.container.property.hbox.SPABBHBoxProperty",
        "_padding_": [
            0,
            0,
            0,
            0
        ],
        "padding": [
            0,
            0,
            0,
            0
        ],
        "paddingInPixel": false,
        "render": true
    },
    "spaip": {
        "@class": "com.kony.gen.viz.model.container.property.hbox.SPAIPhoneHBoxProperty",
        "_padding_": [
            0,
            0,
            0,
            0
        ],
        "padding": [
            0,
            0,
            0,
            0
        ],
        "paddingInPixel": false,
        "render": true
    },
    "spawinphone8": {
        "@class": "com.kony.gen.viz.model.container.property.hbox.SPAWinPhone8HBoxProperty",
        "render": true
    },
    "templateType": "forms",
    "wType": "HBox",
    "widgetalignment": 1,
    "winphone8": {
        "@class": "com.kony.gen.viz.model.container.property.hbox.WinPhone8HBoxProperty",
        "_padding_": [
            1,
            1,
            1,
            1
        ],
        "_position_": 3,
        "padding": [
            1,
            1,
            1,
            1
        ],
        "paddingInPixel": true,
        "position": 3,
        "psp": {
            "enableCache": false
        },
        "render": true
    }
}