{
    "DNDConfig": null,
    "_base64_": null,
    "_enabled_": false,
    "_margin_": [
        0,
        0,
        2,
        0
    ],
    "_padding_": [
        0,
        0,
        0,
        0
    ],
    "_skin_": "sb766b70dbc247629d4c3ed80a136dc4",
    "_text_": "",
    "android": {
        "@class": "com.kony.gen.viz.model.component.property.image2.AndroidImage2Property",
        "render": true
    },
    "canUpdateUI": true,
    "containerweight": 50,
    "contentalignment": 5,
    "context": {
        "channel": "mobile",
        "ispercent": true,
        "platform": "iphone",
        "templateType": "forms",
        "topLevelBox": false
    },
    "hexpand": false,
    "id": "imgPortrait",
    "imagescalemode": 1,
    "info": null,
    "iphone": {
        "@class": "com.kony.gen.viz.model.component.property.image2.IPhoneImage2Property",
        "_padding_": [
            0,
            0,
            0,
            0
        ],
        "padding": [
            0,
            0,
            0,
            0
        ],
        "paddingInPixel": false,
        "psp": {
            "glossyEffect": 0
        },
        "render": true
    },
    "ispercent": true,
    "isvisible": true,
    "kuid": "p2kwiet1296439488842",
    "margininpixel": false,
    "name": "kony.ui.Image2",
    "paddinginpixel": false,
    "parent": "hbox121141612661998",
    "pf": "frmCamOrientation",
    "spa": {
        "@class": "com.kony.gen.viz.model.component.property.image2.SPAImage2Property"
    },
    "spaan": {
        "@class": "com.kony.gen.viz.model.component.property.image2.SPAAndroidImage2Property",
        "_padding_": [
            0,
            0,
            0,
            0
        ],
        "padding": [
            0,
            0,
            0,
            0
        ],
        "paddingInPixel": false,
        "render": true
    },
    "spabb": {
        "@class": "com.kony.gen.viz.model.component.property.image2.SPABBImage2Property",
        "_padding_": [
            0,
            0,
            0,
            0
        ],
        "padding": [
            0,
            0,
            0,
            0
        ],
        "paddingInPixel": false,
        "render": true
    },
    "spaip": {
        "@class": "com.kony.gen.viz.model.component.property.image2.SPAIPhoneImage2Property",
        "_padding_": [
            0,
            0,
            0,
            0
        ],
        "padding": [
            0,
            0,
            0,
            0
        ],
        "paddingInPixel": false,
        "render": true
    },
    "spawinphone8": {
        "@class": "com.kony.gen.viz.model.component.property.image2.SPAWinPhone8Image2Property",
        "render": true
    },
    "srcType": 1,
    "vexpand": false,
    "wType": "Image",
    "widgetalignment": 5,
    "winphone8": {
        "@class": "com.kony.gen.viz.model.component.property.image2.WinPhone8Image2Property",
        "_padding_": [
            0,
            0,
            0,
            0
        ],
        "padding": [
            0,
            0,
            0,
            0
        ],
        "paddingInPixel": false,
        "psp": {
            "enableCache": false
        },
        "render": true
    }
}