{
    "AS_Button_b7085c94bd7e4b649a6a3feb65371084": {
        "id": "AS_Button_b7085c94bd7e4b649a6a3feb65371084",
        "type": "ACTION_SEQUENCE",
        "params": [{
            "datatype": "collection",
            "name": "eventobject"
        }],
        "contextObj": {
            "name": "frmCamOptions",
            "type": "forms",
            "platform": "",
            "KUID": "p2kwiet1296439488837"
        },
        "language": "js",
        "actions": [{
            "id": "NAVIGATE_TO_FORM___ab2b7e539cee449abb35a1c2f4a6d8b6",
            "type": "NAVIGATE_TO_FORM",
            "formId": "frmCamBasic",
            "formKUID": "p2kwiet1296439488828",
            "mappings": {},
            "mappingsOrder": [],
            "parentId": "",
            "callbackType": null,
            "enableMappingEditor": true
        }]
    }
}