{
    "AS_Button_bd6c0a2b00874a038524c31ad0e18372": {
        "id": "AS_Button_bd6c0a2b00874a038524c31ad0e18372",
        "type": "ACTION_SEQUENCE",
        "params": [{
            "datatype": "collection",
            "name": "eventobject"
        }],
        "contextObj": {
            "name": "frmCamOptions",
            "type": "forms",
            "platform": "",
            "KUID": "p2kwiet1296439488837"
        },
        "language": "js",
        "actions": [{
            "id": "NAVIGATE_TO_FORM___ca89265257074f52901f73824c92aa0a",
            "type": "NAVIGATE_TO_FORM",
            "formId": "frmCamAccessMode",
            "formKUID": "p2kwiet1296439488818",
            "mappings": {},
            "mappingsOrder": [],
            "parentId": "",
            "callbackType": null,
            "enableMappingEditor": true
        }]
    }
}