{
    "AS_Button_e0a6f32b957747f6ada66ec2d6cc462e": {
        "id": "AS_Button_e0a6f32b957747f6ada66ec2d6cc462e",
        "type": "ACTION_SEQUENCE",
        "params": [{
            "datatype": "collection",
            "name": "eventobject"
        }],
        "contextObj": {
            "name": "frmCamOptions",
            "type": "forms",
            "platform": "",
            "KUID": "p2kwiet1296439488837"
        },
        "language": "js",
        "actions": [{
            "id": "NAVIGATE_TO_FORM___bd010a167dea4789a92598e7c92f209a",
            "type": "NAVIGATE_TO_FORM",
            "formId": "frmCamOrientation",
            "formKUID": "p2kwiet1296439488846",
            "mappings": {},
            "mappingsOrder": [],
            "parentId": "",
            "callbackType": null,
            "enableMappingEditor": true
        }]
    }
}