{
    "AS_Button_f2c82d4a3c48447689f1223a1b251f81": {
        "id": "AS_Button_f2c82d4a3c48447689f1223a1b251f81",
        "type": "ACTION_SEQUENCE",
        "params": [{
            "datatype": "collection",
            "name": "eventobject"
        }],
        "contextObj": {
            "name": "frmIntro",
            "type": "forms",
            "platform": "",
            "KUID": "p2kwiet1296439488875"
        },
        "language": "js",
        "actions": [{
            "id": "NAVIGATE_TO_FORM___i91b9ef40818496d85bc97f562756b1a",
            "type": "NAVIGATE_TO_FORM",
            "formId": "frmCamOptions",
            "formKUID": "p2kwiet1296439488837",
            "mappings": {},
            "mappingsOrder": [],
            "parentId": "",
            "callbackType": null,
            "enableMappingEditor": true
        }]
    }
}