{
    "AS_Button_f63aa5c9a61444ef9ffc5f227411625b": {
        "id": "AS_Button_f63aa5c9a61444ef9ffc5f227411625b",
        "type": "ACTION_SEQUENCE",
        "params": [{
            "datatype": "collection",
            "name": "eventobject"
        }],
        "contextObj": {
            "name": "frmCamOptions",
            "type": "forms",
            "platform": "",
            "KUID": "p2kwiet1296439488837"
        },
        "language": "js",
        "actions": [{
            "id": "NAVIGATE_TO_FORM___dcc2504fbebf45e781b2303ff607ecd6",
            "type": "NAVIGATE_TO_FORM",
            "formId": "frmCamOverlay",
            "formKUID": "p2kwiet1296439488856",
            "mappings": {},
            "mappingsOrder": [],
            "parentId": "",
            "callbackType": null,
            "enableMappingEditor": true
        }]
    }
}