{
    "AS_Camera_aa542fc97ead42209a1f003daaf57475": {
        "id": "AS_Camera_aa542fc97ead42209a1f003daaf57475",
        "type": "ACTION_SEQUENCE",
        "params": [{
            "datatype": "collection",
            "name": "eventobject"
        }],
        "contextObj": {
            "name": "frmCamOverlay",
            "type": "forms",
            "platform": "",
            "KUID": "p2kwiet1296439488856"
        },
        "language": "js",
        "actions": [{
            "id": "INVOKE_FUNCTION___eebec4c3b7a341e6a24435fb1322ba2a",
            "type": "INVOKE_FUNCTION",
            "sequenceKUID": "onCaptureFrmOverLay",
            "display": "onCaptureFrmOverLay",
            "inputparams": [{
                "name": "cameraObject",
                "value": " eventobject"
            }],
            "parentId": null,
            "callbackType": null,
            "disabled": null
        }]
    }
}