{
    "AS_Camera_c0f3c5a31d5b49ed8b3a643861da1d9c": {
        "id": "AS_Camera_c0f3c5a31d5b49ed8b3a643861da1d9c",
        "type": "ACTION_SEQUENCE",
        "params": [{
            "datatype": "collection",
            "name": "eventobject"
        }],
        "contextObj": {
            "name": "frmCamAccessMode",
            "type": "forms",
            "platform": "",
            "KUID": "p2kwiet1296439488818"
        },
        "language": "js",
        "actions": [{
            "id": "INVOKE_FUNCTION___a87118c176734c1492e07c8cbd429225",
            "type": "INVOKE_FUNCTION",
            "sequenceKUID": "onCapturePublicMode",
            "display": "onCapturePublicMode",
            "inputparams": [{
                "name": "cameraObject",
                "value": " eventobject"
            }],
            "parentId": null,
            "callbackType": null,
            "disabled": null
        }]
    }
}