{
    "AS_Camera_c65e84ae19fb4769a6041cc8aa87e258": {
        "id": "AS_Camera_c65e84ae19fb4769a6041cc8aa87e258",
        "type": "ACTION_SEQUENCE",
        "params": [{
            "datatype": "collection",
            "name": "eventobject"
        }],
        "contextObj": {
            "name": "frmCamAccessMode",
            "type": "forms",
            "platform": "",
            "KUID": "p2kwiet1296439488818"
        },
        "language": "js",
        "actions": [{
            "id": "INVOKE_FUNCTION___fbfa08fd088841b58c7d3ea18c7df30c",
            "type": "INVOKE_FUNCTION",
            "sequenceKUID": "onCapturePrivateMode",
            "display": "onCapturePrivateMode",
            "inputparams": [{
                "name": "cameraObject",
                "value": " eventobject"
            }],
            "parentId": null,
            "callbackType": null,
            "disabled": null
        }]
    }
}