{
    "AS_Camera_f3f805db8158404db6b46a8c5c806409": {
        "id": "AS_Camera_f3f805db8158404db6b46a8c5c806409",
        "type": "ACTION_SEQUENCE",
        "params": [{
            "datatype": "collection",
            "name": "eventobject"
        }],
        "contextObj": {
            "name": "frmCamOrientation",
            "type": "forms",
            "platform": "",
            "KUID": "p2kwiet1296439488846"
        },
        "language": "js",
        "actions": [{
            "id": "INVOKE_FUNCTION___e4e831485454425396701c9baa006f80",
            "type": "INVOKE_FUNCTION",
            "sequenceKUID": "onCapturePortOrientaion",
            "display": "onCapturePortOrientaion",
            "inputparams": [{
                "name": "cameraObject",
                "value": " eventobject"
            }],
            "parentId": null,
            "callbackType": null,
            "disabled": null
        }]
    }
}