{
    "AS_Camera_fdb26d19276741fd8ef8a6a7cd5e9baa": {
        "id": "AS_Camera_fdb26d19276741fd8ef8a6a7cd5e9baa",
        "type": "ACTION_SEQUENCE",
        "params": [{
            "datatype": "collection",
            "name": "eventobject"
        }],
        "contextObj": {
            "name": "frmCamOrientation",
            "type": "forms",
            "platform": "",
            "KUID": "p2kwiet1296439488846"
        },
        "language": "js",
        "actions": [{
            "id": "INVOKE_FUNCTION___e19acce1d56f43049afd03b8586025c4",
            "type": "INVOKE_FUNCTION",
            "sequenceKUID": "onCaptureLandOrientaion",
            "display": "onCaptureLandOrientaion",
            "inputparams": [{
                "name": "cameraObject",
                "value": " eventobject"
            }],
            "parentId": null,
            "callbackType": null,
            "disabled": null
        }]
    }
}