{
    "AS_Camera_dbe0370c61e14982a3638914082be8f2": {
        "id": "AS_Camera_dbe0370c61e14982a3638914082be8f2",
        "type": "ACTION_SEQUENCE",
        "params": [{
            "datatype": "collection",
            "name": "eventobject"
        }],
        "contextObj": {
            "name": "frmCamBasic",
            "type": "forms",
            "platform": "",
            "KUID": "p2kwiet1296439488828"
        },
        "language": "js",
        "actions": [{
            "id": "INVOKE_FUNCTION___c704710995f341bd9445e2753984a78a",
            "type": "INVOKE_FUNCTION",
            "sequenceKUID": "onCapture",
            "display": "onCapture",
            "inputparams": [{
                "name": "cameraObject",
                "value": " eventobject"
            }],
            "parentId": null,
            "callbackType": null,
            "disabled": false
        }]
    }
}