{
    "AS_Camera_feb4de15059e46d282db11b3e34fb763": {
        "id": "AS_Camera_feb4de15059e46d282db11b3e34fb763",
        "type": "ACTION_SEQUENCE",
        "params": [{
            "datatype": "collection",
            "name": "eventobject"
        }],
        "contextObj": {
            "name": "frmCamAccessMode",
            "type": "forms",
            "platform": "",
            "KUID": "p2kwiet1296439488818"
        },
        "language": "js",
        "actions": [{
            "id": "INVOKE_FUNCTION___j220e4c3fc6146cc86b0898379f79742",
            "type": "INVOKE_FUNCTION",
            "sequenceKUID": "onCaptureInMemoryMode",
            "display": "onCaptureInMemoryMode",
            "inputparams": [{
                "name": "cameraObject",
                "value": " eventobject"
            }],
            "parentId": null,
            "callbackType": null,
            "disabled": null
        }]
    }
}