{
    "android": {
        "applicableblockedUIWidget": "Button",
        "background_gradient_bottom_color": "f5f5f5ff",
        "background_gradient_top_color": "bdbdbdff",
        "background_style": "vg",
        "bg_type": "two",
        "blockedimgURL": "",
        "border_color": "000000ff",
        "border_radius": 0,
        "border_style": "plain",
        "border_type": 0,
        "border_width": 0,
        "bottom_left_border_color": "000000ff",
        "bottom_left_border_radius": 10,
        "bottom_left_border_width": 0,
        "bottom_right_border_color": "000000ff",
        "bottom_right_border_radius": 10,
        "bottom_right_border_width": 0,
        "font_color": "000000ff",
        "font_size": 100,
        "font_weight": "normal",
        "gridLineColor": "0000000",
        "id": "sliderRight",
        "isCustomCSSEnabled": false,
        "isForked": true,
        "psp": {},
        "shadow": {
            "br": 0,
            "color": "000000",
            "inner": false,
            "x": 0,
            "y": 0
        },
        "text_shadow": {
            "br": 0,
            "color": "000000",
            "x": 0,
            "y": 0
        },
        "top_left_border_color": "000000ff",
        "top_left_border_radius": 10,
        "top_left_border_width": 0,
        "top_right_border_color": "000000ff",
        "top_right_border_radius": 10,
        "top_right_border_width": 0,
        "use_native": "false",
        "vizChannel": "android",
        "wType": "Slider"
    },
    "applicableblockedUIWidget": "Button",
    "background_color": "ffffff00",
    "background_style": "vg",
    "bg_type": "one",
    "blockedimgURL": "",
    "border_color": "000000ff",
    "border_radius": 0,
    "border_style": "plain",
    "border_type": 0,
    "border_width": 0,
    "bottom_left_border_color": "000000ff",
    "bottom_left_border_radius": 10,
    "bottom_left_border_width": 0,
    "bottom_right_border_color": "000000ff",
    "bottom_right_border_radius": 10,
    "bottom_right_border_width": 0,
    "font_color": "000000ff",
    "font_size": 100,
    "font_weight": "normal",
    "gridLineColor": "0000000",
    "id": "sliderRight",
    "ipad": {
        "applicableblockedUIWidget": "Button",
        "background_style": "vg",
        "bg_type": "image",
        "blockedimgURL": "",
        "border_color": "000000ff",
        "border_radius": 0,
        "border_style": "plain",
        "border_type": 0,
        "border_width": 0,
        "bottom_left_border_color": "000000ff",
        "bottom_left_border_radius": 10,
        "bottom_left_border_width": 0,
        "bottom_right_border_color": "000000ff",
        "bottom_right_border_radius": 10,
        "bottom_right_border_width": 0,
        "font_color": "000000ff",
        "font_size": 180,
        "font_weight": "normal",
        "gridLineColor": "0000000",
        "id": "sliderRight",
        "isCustomCSSEnabled": false,
        "isForked": true,
        "psp": {},
        "shadow": {
            "br": 0,
            "color": "000000",
            "inner": false,
            "x": 0,
            "y": 0
        },
        "text_shadow": {
            "br": 0,
            "color": "000000",
            "x": 0,
            "y": 0
        },
        "top_left_border_color": "000000ff",
        "top_left_border_radius": 10,
        "top_left_border_width": 0,
        "top_right_border_color": "000000ff",
        "top_right_border_radius": 10,
        "top_right_border_width": 0,
        "use_native": "false",
        "vizChannel": "ipad",
        "wType": "Slider"
    },
    "iphone": {
        "applicableblockedUIWidget": "Button",
        "background_style": "vg",
        "bg_type": "image",
        "blockedimgURL": "",
        "border_color": "000000ff",
        "border_radius": 0,
        "border_style": "plain",
        "border_type": 0,
        "border_width": 0,
        "bottom_left_border_color": "000000ff",
        "bottom_left_border_radius": 10,
        "bottom_left_border_width": 0,
        "bottom_right_border_color": "000000ff",
        "bottom_right_border_radius": 10,
        "bottom_right_border_width": 0,
        "font_color": "000000ff",
        "font_size": 100,
        "font_weight": "normal",
        "gridLineColor": "0000000",
        "id": "sliderRight",
        "isCustomCSSEnabled": false,
        "isForked": true,
        "psp": {},
        "shadow": {
            "br": 0,
            "color": "000000",
            "inner": false,
            "x": 0,
            "y": 0
        },
        "text_shadow": {
            "br": 0,
            "color": "000000",
            "x": 0,
            "y": 0
        },
        "top_left_border_color": "000000ff",
        "top_left_border_radius": 10,
        "top_left_border_width": 0,
        "top_right_border_color": "000000ff",
        "top_right_border_radius": 10,
        "top_right_border_width": 0,
        "use_native": "false",
        "vizChannel": "iphone",
        "wType": "Slider"
    },
    "isForked": false,
    "kuid": "s697dcdc806948efab3117ae665d3d3c",
    "shadow": {
        "br": 0,
        "color": "000000",
        "inner": false,
        "x": 0,
        "y": 0
    },
    "tabrcandroid": {
        "applicableblockedUIWidget": "Button",
        "background_gradient_bottom_color": "f5f5f5ff",
        "background_gradient_top_color": "bdbdbdff",
        "background_style": "vg",
        "bg_type": "two",
        "blockedimgURL": "",
        "border_color": "000000ff",
        "border_radius": 0,
        "border_style": "plain",
        "border_type": 0,
        "border_width": 0,
        "bottom_left_border_color": "000000ff",
        "bottom_left_border_radius": 10,
        "bottom_left_border_width": 0,
        "bottom_right_border_color": "000000ff",
        "bottom_right_border_radius": 10,
        "bottom_right_border_width": 0,
        "font_color": "000000ff",
        "font_size": 180,
        "font_weight": "normal",
        "gridLineColor": "0000000",
        "id": "sliderRight",
        "isCustomCSSEnabled": false,
        "isForked": true,
        "psp": {},
        "shadow": {
            "br": 0,
            "color": "000000",
            "inner": false,
            "x": 0,
            "y": 0
        },
        "text_shadow": {
            "br": 0,
            "color": "000000",
            "x": 0,
            "y": 0
        },
        "top_left_border_color": "000000ff",
        "top_left_border_radius": 10,
        "top_left_border_width": 0,
        "top_right_border_color": "000000ff",
        "top_right_border_radius": 10,
        "top_right_border_width": 0,
        "use_native": "false",
        "vizChannel": "tabrcandroid",
        "wType": "Slider"
    },
    "text_shadow": {
        "br": 0,
        "color": "000000",
        "x": 0,
        "y": 0
    },
    "top_left_border_color": "000000ff",
    "top_left_border_radius": 10,
    "top_left_border_width": 0,
    "top_right_border_color": "000000ff",
    "top_right_border_radius": 10,
    "top_right_border_width": 0,
    "use_native": "false",
    "vizChannel": "default",
    "wType": "Slider",
    "windows8": {
        "applicableblockedUIWidget": "Button",
        "background_color": "bebebeff",
        "background_style": "vg",
        "bg_type": "one",
        "blockedimgURL": "",
        "border_color": "000000ff",
        "border_radius": 0,
        "border_style": "plain",
        "border_type": 0,
        "border_width": 0,
        "bottom_left_border_color": "000000ff",
        "bottom_left_border_radius": 10,
        "bottom_left_border_width": 0,
        "bottom_right_border_color": "000000ff",
        "bottom_right_border_radius": 10,
        "bottom_right_border_width": 0,
        "font_color": "000000ff",
        "font_size": 100,
        "font_weight": "normal",
        "gridLineColor": "0000000",
        "id": "sliderRight",
        "isCustomCSSEnabled": false,
        "isForked": true,
        "psp": {},
        "shadow": {
            "br": 0,
            "color": "000000",
            "inner": false,
            "x": 0,
            "y": 0
        },
        "text_shadow": {
            "br": 0,
            "color": "000000",
            "x": 0,
            "y": 0
        },
        "top_left_border_color": "000000ff",
        "top_left_border_radius": 10,
        "top_left_border_width": 0,
        "top_right_border_color": "000000ff",
        "top_right_border_radius": 10,
        "top_right_border_width": 0,
        "use_native": "false",
        "vizChannel": "windows8",
        "wType": "Slider"
    },
    "winphone8": {
        "applicableblockedUIWidget": "Button",
        "background_color": "bebebeff",
        "background_style": "vg",
        "bg_type": "one",
        "blockedimgURL": "",
        "border_color": "000000ff",
        "border_radius": 0,
        "border_style": "plain",
        "border_type": 0,
        "border_width": 0,
        "bottom_left_border_color": "000000ff",
        "bottom_left_border_radius": 10,
        "bottom_left_border_width": 0,
        "bottom_right_border_color": "000000ff",
        "bottom_right_border_radius": 10,
        "bottom_right_border_width": 0,
        "font_color": "000000ff",
        "font_size": 100,
        "font_weight": "normal",
        "gridLineColor": "0000000",
        "id": "sliderRight",
        "isCustomCSSEnabled": false,
        "isForked": true,
        "psp": {},
        "shadow": {
            "br": 0,
            "color": "000000",
            "inner": false,
            "x": 0,
            "y": 0
        },
        "text_shadow": {
            "br": 0,
            "color": "000000",
            "x": 0,
            "y": 0
        },
        "top_left_border_color": "000000ff",
        "top_left_border_radius": 10,
        "top_left_border_width": 0,
        "top_right_border_color": "000000ff",
        "top_right_border_radius": 10,
        "top_right_border_width": 0,
        "use_native": "false",
        "vizChannel": "winphone8",
        "wType": "Slider"
    }
}