{
    "applicableblockedUIWidget": "Button",
    "background_color": "ffffffff",
    "background_style": "vg",
    "bg_type": "one",
    "blockedImgLocation": "null",
    "blockedimgURL": "",
    "border_color": "96beffff",
    "border_radius": 0,
    "border_style": "rc",
    "border_type": 0,
    "border_width": 2,
    "bottom_left_border_color": "000000ff",
    "bottom_left_border_radius": 10,
    "bottom_left_border_width": 0,
    "bottom_right_border_color": "000000ff",
    "bottom_right_border_radius": 10,
    "bottom_right_border_width": 0,
    "font_color": "000000ff",
    "font_size": 100,
    "font_weight": "normal",
    "gridLineColor": "0000000",
    "id": "whiteroundseg",
    "ipad": {
        "applicableblockedUIWidget": "Button",
        "background_color": "ffffffff",
        "background_style": "vg",
        "bg_type": "one",
        "blockedImgLocation": "null",
        "blockedimgURL": "",
        "border_color": "96beffff",
        "border_radius": 0,
        "border_style": "rc",
        "border_type": 0,
        "border_width": 4,
        "bottom_left_border_color": "000000ff",
        "bottom_left_border_radius": 10,
        "bottom_left_border_width": 0,
        "bottom_right_border_color": "000000ff",
        "bottom_right_border_radius": 10,
        "bottom_right_border_width": 0,
        "font_color": "000000ff",
        "font_size": 180,
        "font_weight": "normal",
        "gridLineColor": "0000000",
        "id": "whiteroundseg",
        "isCustomCSSEnabled": false,
        "isForked": true,
        "psp": {},
        "shadow": {
            "br": 0,
            "color": "000000",
            "inner": false,
            "x": 0,
            "y": 0
        },
        "text_shadow": {
            "br": 0,
            "color": "000000",
            "x": 0,
            "y": 0
        },
        "top_left_border_color": "000000ff",
        "top_left_border_radius": 10,
        "top_left_border_width": 0,
        "top_right_border_color": "000000ff",
        "top_right_border_radius": 10,
        "top_right_border_width": 0,
        "use_native": "false",
        "vizChannel": "ipad",
        "wType": "Segment0"
    },
    "iphone": {
        "applicableblockedUIWidget": "Button",
        "background_color": "ffffffff",
        "background_style": "vg",
        "bg_type": "one",
        "blockedImgLocation": "null",
        "blockedimgURL": "",
        "border_color": "96beffff",
        "border_radius": 0,
        "border_style": "rc",
        "border_type": 0,
        "border_width": 4,
        "bottom_left_border_color": "000000ff",
        "bottom_left_border_radius": 10,
        "bottom_left_border_width": 0,
        "bottom_right_border_color": "000000ff",
        "bottom_right_border_radius": 10,
        "bottom_right_border_width": 0,
        "font_color": "000000ff",
        "font_size": 100,
        "font_weight": "normal",
        "gridLineColor": "0000000",
        "id": "whiteroundseg",
        "isCustomCSSEnabled": false,
        "isForked": true,
        "psp": {},
        "shadow": {
            "br": 0,
            "color": "000000",
            "inner": false,
            "x": 0,
            "y": 0
        },
        "text_shadow": {
            "br": 0,
            "color": "000000",
            "x": 0,
            "y": 0
        },
        "top_left_border_color": "000000ff",
        "top_left_border_radius": 10,
        "top_left_border_width": 0,
        "top_right_border_color": "000000ff",
        "top_right_border_radius": 10,
        "top_right_border_width": 0,
        "use_native": "false",
        "vizChannel": "iphone",
        "wType": "Segment0"
    },
    "isForked": false,
    "kuid": "s7a14b84ccfe46168bdd038720e9b8ab",
    "shadow": {
        "br": 0,
        "color": "000000",
        "inner": false,
        "x": 0,
        "y": 0
    },
    "tabrcandroid": {
        "applicableblockedUIWidget": "Button",
        "background_color": "ffffffff",
        "background_style": "vg",
        "bg_type": "one",
        "blockedImgLocation": "null",
        "blockedimgURL": "",
        "border_color": "96beffff",
        "border_radius": 0,
        "border_style": "rc",
        "border_type": 0,
        "border_width": 4,
        "bottom_left_border_color": "000000ff",
        "bottom_left_border_radius": 10,
        "bottom_left_border_width": 0,
        "bottom_right_border_color": "000000ff",
        "bottom_right_border_radius": 10,
        "bottom_right_border_width": 0,
        "font_color": "000000ff",
        "font_size": 180,
        "font_weight": "normal",
        "gridLineColor": "0000000",
        "id": "whiteroundseg",
        "isCustomCSSEnabled": false,
        "isForked": true,
        "psp": {},
        "shadow": {
            "br": 0,
            "color": "000000",
            "inner": false,
            "x": 0,
            "y": 0
        },
        "text_shadow": {
            "br": 0,
            "color": "000000",
            "x": 0,
            "y": 0
        },
        "top_left_border_color": "000000ff",
        "top_left_border_radius": 10,
        "top_left_border_width": 0,
        "top_right_border_color": "000000ff",
        "top_right_border_radius": 10,
        "top_right_border_width": 0,
        "use_native": "false",
        "vizChannel": "tabrcandroid",
        "wType": "Segment0"
    },
    "text_shadow": {
        "br": 0,
        "color": "000000",
        "x": 0,
        "y": 0
    },
    "top_left_border_color": "000000ff",
    "top_left_border_radius": 10,
    "top_left_border_width": 0,
    "top_right_border_color": "000000ff",
    "top_right_border_radius": 10,
    "top_right_border_width": 0,
    "use_native": "false",
    "vizChannel": "default",
    "wType": "Segment0"
}