{
    "DNDConfig": null,
    "_base64_": null,
    "_enabled_": false,
    "_margin_": [
        0,
        0,
        0,
        0
    ],
    "_padding_": [
        0,
        0,
        0,
        0
    ],
    "_skin_": "sb766b70dbc247629d4c3ed80a136dc4",
    "_src_": "bullet.png",
    "_text_": "bullet.png",
    "android": {
        "@class": "com.kony.gen.viz.model.component.property.image2.AndroidImage2Property",
        "_margin_": [
            0,
            13,
            0,
            0
        ],
        "margin": [
            0,
            13,
            0,
            0
        ],
        "marginInPixel": true,
        "render": true
    },
    "canUpdateUI": true,
    "containerweight": 7,
    "contentalignment": 5,
    "context": {
        "channel": "mobile",
        "ispercent": true,
        "platform": "iphone",
        "templateType": "forms",
        "topLevelBox": false
    },
    "hexpand": false,
    "id": "image2104346083314",
    "imagescalemode": 1,
    "info": null,
    "iphone": {
        "@class": "com.kony.gen.viz.model.component.property.image2.IPhoneImage2Property",
        "_margin_": [
            0,
            13,
            0,
            0
        ],
        "margin": [
            0,
            13,
            0,
            0
        ],
        "marginInPixel": true,
        "psp": {
            "glossyEffect": 0
        },
        "render": true
    },
    "ispercent": true,
    "isvisible": true,
    "kuid": "p2kwiet1296439488865",
    "margininpixel": false,
    "name": "kony.ui.Image2",
    "paddinginpixel": false,
    "parent": "hbox104072006170",
    "pf": "frmIntro",
    "spa": {
        "@class": "com.kony.gen.viz.model.component.property.image2.SPAImage2Property"
    },
    "spaan": {
        "@class": "com.kony.gen.viz.model.component.property.image2.SPAAndroidImage2Property",
        "render": true
    },
    "spabb": {
        "@class": "com.kony.gen.viz.model.component.property.image2.SPABBImage2Property",
        "render": true
    },
    "spaip": {
        "@class": "com.kony.gen.viz.model.component.property.image2.SPAIPhoneImage2Property",
        "render": true
    },
    "spawinphone8": {
        "@class": "com.kony.gen.viz.model.component.property.image2.SPAWinPhone8Image2Property",
        "render": true
    },
    "srcType": 1,
    "vexpand": false,
    "wType": "Image",
    "widgetalignment": 2,
    "winphone8": {
        "@class": "com.kony.gen.viz.model.component.property.image2.WinPhone8Image2Property",
        "_margin_": [
            0,
            4,
            0,
            0
        ],
        "margin": [
            0,
            4,
            0,
            0
        ],
        "marginInPixel": false,
        "psp": {
            "enableCache": false
        },
        "render": true
    }
}